{
  "G1JoystickFlatTerrain": {
    "PPO": {
      "time": [
        0.0,
        213.46350627565,
        426.9270125513,
        640.3905188269499,
        853.8540251026,
        1067.31753137825,
        1280.7810376538998,
        1494.2445439295498,
        1707.7080502052,
        1921.1715564808499,
        2134.6350627565,
        2348.0985690321495,
        2561.5620753077997,
        2775.02558158345,
        2988.4890878590995,
        3201.9525941347497,
        3415.4161004104,
        3628.8796066860496,
        3842.3431129616997,
        4055.8066192373494,
        4269.270125513
      ],
      "env_step": [
        0,
        0.0,
        10649600.0,
        21299200.0,
        31948800.0,
        42598400.0,
        53248000.0,
        63897600.0,
        74547200.0,
        85196800.0,
        95846400.0,
        106496000.0,
        117145600.0,
        127795200.0,
        138444800.0,
        149094400.0,
        159744000.0,
        170393600.0,
        181043200.0,
        191692800.0,
        202342400.0
      ],
      "return": [
        0.0,
        -3.5786768595377603,
        -1.73488183816274,
        -1.4672497908274333,
        -1.0114571849505107,
        2.8664944966634116,
        8.109216849009195,
        12.15112050374349,
        14.619683265686035,
        16.250600814819336,
        17.415241877237957,
        19.337273279825848,
        19.362972259521484,
        20.73096466064453,
        20.419541041056316,
        20.557310740152996,
        21.584625244140625,
        22.650484720865887,
        23.268614451090496,
        23.964858373006184,
        23.381336212158203
      ],
      "return_min": [
        0.0,
        -3.633624033793396,
        -1.8136003478544724,
        -1.5840279132431287,
        -1.1807665772933178,
        1.9221867482777824,
        7.587271126532166,
        10.834839595162432,
        13.544779870637864,
        15.040593747413778,
        16.337773770375044,
        18.42818295768993,
        18.613121548035885,
        19.99613895549954,
        18.939780920828404,
        19.84353432250872,
        20.260494181371044,
        22.000288411591143,
        22.748610923303467,
        22.875291623275718,
        22.801813358049884
      ],
      "return_max": [
        0.0,
        -3.5237296852821247,
        -1.6561633284710076,
        -1.350471668411738,
        -0.8421477926077037,
        3.810802245049041,
        8.631162571486225,
        13.467401412324548,
        15.694586660734206,
        17.460607882224895,
        18.49270998410087,
        20.246363601961765,
        20.112822971007084,
        21.465790365789523,
        21.899301161284228,
        21.27108715779727,
        22.908756306910206,
        23.30068103014063,
        23.788617978877525,
        25.05442512273665,
        23.960859066266522
      ]
    },
    "FastTD3": {
      "time": [
        0.0,
        433.3400245197778,
        866.6800490395556,
        1300.0200735593332,
        1733.3600980791111,
        2166.700122598889,
        2600.0401471186665,
        3033.3801716384446,
        3466.7201961582223,
        3900.060220678
      ],
      "env_step": [
        0,
        5120000.0,
        10240000.0,
        15360000.0,
        20480000.0,
        25600000.0,
        30720000.0,
        35840000.0,
        40960000.0,
        46080000.0
      ],
      "return": [
        0.0,
        4.487485567728679,
        16.74320411682129,
        23.278841654459637,
        27.637049357096355,
        29.066091537475586,
        30.403479894002277,
        30.677172978719074,
        30.934303283691406,
        31.36344337463379
      ],
      "return_min": [
        0.0,
        2.9314155707645613,
        16.25554819781311,
        22.555713738285238,
        27.491040766131707,
        28.865730935672705,
        30.389128000549142,
        30.534967621827455,
        30.650468173578087,
        31.16558190517613
      ],
      "return_max": [
        0.0,
        6.043555564692796,
        17.23086003582947,
        24.001969570634035,
        27.783057948061003,
        29.266452139278467,
        30.417831787455412,
        30.819378335610693,
        31.218138393804725,
        31.56130484409145
      ]
    }
  },
  "G1JoystickRoughTerrain": {
    "PPO": {
      "time": [
        0.0,
        430.02984852145,
        860.0596970429,
        1290.08954556435,
        1720.1193940858,
        2150.14924260725,
        2580.1790911287,
        3010.2089396501497,
        3440.2387881716,
        3870.26863669305,
        4300.2984852145,
        4730.32833373595,
        5160.3581822574,
        5590.38803077885,
        6020.417879300299,
        6450.44772782175,
        6880.4775763432,
        7310.507424864651,
        7740.5372733861,
        8170.56712190755,
        8600.596970429
      ],
      "env_step": [
        0,
        0.0,
        10649600.0,
        21299200.0,
        31948800.0,
        42598400.0,
        53248000.0,
        63897600.0,
        74547200.0,
        85196800.0,
        95846400.0,
        106496000.0,
        117145600.0,
        127795200.0,
        138444800.0,
        149094400.0,
        159744000.0,
        170393600.0,
        181043200.0,
        191692800.0,
        202342400.0
      ],
      "return": [
        0.0,
        -3.6238108476003013,
        -1.7691378990809123,
        -1.5785710016886394,
        -1.4046337604522705,
        -1.2989702622095745,
        0.9209129015604655,
        5.599383354187012,
        9.098564147949219,
        10.36640707651774,
        11.69961961110433,
        12.815311431884766,
        13.983243624369303,
        14.600811004638672,
        15.401162465413412,
        16.72524897257487,
        17.59372901916504,
        17.17877769470215,
        18.038379033406574,
        19.438427607218426,
        19.256649017333984
      ],
      "return_min": [
        0.0,
        -3.6888348904174544,
        -1.8035371110148877,
        -1.6518320374166224,
        -1.4434835026307684,
        -1.3658170492283774,
        -0.3835055360183316,
        3.5933339888782276,
        8.425358069779085,
        9.000362013173968,
        10.886633777692076,
        12.64601019994388,
        13.083222241676461,
        14.4930801524455,
        14.552314554875068,
        15.949481202226977,
        16.67476213765229,
        16.62720103040347,
        17.008479664699678,
        18.59841010178635,
        19.188480973348607
      ],
      "return_max": [
        0.0,
        -3.558786804783148,
        -1.734738687146937,
        -1.5053099659606564,
        -1.3657840182737726,
        -1.2321234751907715,
        2.2253313391392626,
        7.605432719495796,
        9.771770226119353,
        11.732452139861513,
        12.512605444516584,
        12.98461266382565,
        14.883265007062144,
        14.708541856831843,
        16.250010375951756,
        17.501016742922765,
        18.512695900677787,
        17.730354359000827,
        19.06827840211347,
        20.278445112650502,
        19.32481706131936
      ]
    },
    "FastTD3": {
      "time": [
        0.0,
        599.3992147375556,
        1198.798429475111,
        1798.1976442126668,
        2397.596858950222,
        2996.996073687778,
        3596.3952884253335,
        4195.794503162889,
        4795.193717900444,
        5394.592932638
      ],
      "env_step": [
        0,
        5120000.0,
        10240000.0,
        15360000.0,
        20480000.0,
        25600000.0,
        30720000.0,
        35840000.0,
        40960000.0,
        46080000.0
      ],
      "return": [
        0.0,
        3.2808993657430015,
        13.874738057454428,
        20.431355794270832,
        24.597570419311523,
        26.355728149414062,
        27.401456197102863,
        27.81001917521159,
        28.1074701944987,
        27.748165130615234
      ],