{
  "G1JoystickFlatTerrain": {
    "time": [
      0.0,
      433.3400245197778,
      866.6800490395556,
      1300.0200735593332,
      1733.3600980791111,
      2166.700122598889,
      2600.0401471186665,
      3033.3801716384446,
      3466.7201961582223,
      3900.060220678
    ],
    "env_step": [
      0,
      5120000.0,
      10240000.0,
      15360000.0,
      20480000.0,
      25600000.0,
      30720000.0,
      35840000.0,
      40960000.0,
      46080000.0
    ],
    "return": [
      0.0,
      4.487485567728679,
      16.74320411682129,
      23.278841654459637,
      27.637049357096355,
      29.066091537475586,
      30.403479894002277,
      30.677172978719074,
      30.934303283691406,
      31.36344337463379
    ],
    "return_min": [
      0.0,
      2.9314155707645613,
      16.25554819781311,
      22.555713738285238,
      27.491040766131707,
      28.865730935672705,
      30.389128000549142,
      30.534967621827455,
      30.650468173578087,
      31.16558190517613
    ],
    "return_max": [
      0.0,
      6.043555564692796,
      17.23086003582947,
      24.001969570634035,
      27.783057948061003,
      29.266452139278467,
      30.417831787455412,
      30.819378335610693,
      31.218138393804725,
      31.56130484409145
    ]
  },
  "G1JoystickRoughTerrain": {
    "time": [
      0.0,
      599.3992147375556,
      1198.798429475111,
      1798.1976442126668,
      2397.596858950222,
      2996.996073687778,
      3596.3952884253335,
      4195.794503162889,
      4795.193717900444,
      5394.592932638
    ],
    "env_step": [
      0,
      5120000.0,
      10240000.0,
      15360000.0,
      20480000.0,
      25600000.0,
      30720000.0,
      35840000.0,
      40960000.0,
      46080000.0
    ],
    "return": [
      0.0,
      3.2808993657430015,
      13.874738057454428,
      20.431355794270832,
      24.597570419311523,
      26.355728149414062,
      27.401456197102863,
      27.81001917521159,
      28.1074701944987,
      27.748165130615234
    ],
    "return_min": [
      0.0,
      2.8048553516036847,
      13.351663266422506,
      19.902439898270348,
      24.322450701046584,
      25.83280810079747,
      27.064759880116778,
      27.480682414578805,
      28.029204257881428,
      27.266035552178657
    ],
    "return_max": [
      0.0,
      3.756943379882318,
      14.39781284848635,
      20.960271690271316,
      24.872690137576463,
      26.878648198030653,
      27.73815251408895,
      28.139355935844375,
      28.18573613111597,
      28.23029470905181
    ]
  },
  "T1JoystickFlatTerrain": {
    "time": [
      0.0,
      336.3940926118889,
      672.7881852237778,
      1009.1822778356667,
      1345.5763704475555,
      1681.9704630594445,
      2018.3645556713334,
      2354.758648283222,
      2691.152740895111,
      3027.546833507
    ],
    "env_step": [
      0,
      5120000.0,
      10240000.0,
      15360000.0,
      20480000.0,
      25600000.0,
      30720000.0,
      35840000.0,
      40960000.0,
      46080000.0
    ],
    "return": [
      0.0,
      17.497735182444256,
      23.35838508605957,
      29.219560623168945,
      32.47132873535156,
      33.60111618041992,
      34.1003163655599,
      34.494296391805015,
      34.647412618001304,
      34.80020268758138
    ],
    "return_min": [
      0.0,
      14.391559420284299,
      20.08936997440851,
      27.716625485294703,
      29.593702042397194,
      30.287767241900532,
      30.65928257092611,
      31.33219802426975,
      31.594485160912818,
      31.565288339653822
    ],
    "return_max": [
      0.0,
      20.603910944604213,
      26.62740019771063,
      30.722495761043188,
      35.34895542830593,
      36.91446511893931,
      37.54135016019369,
      37.65639475934028,
      37.70034007508979,
      38.03511703550894
    ]
  },
  "T1JoystickRoughTerrain": {
    "time": [
      0.0,
      368.47968223911107,
      736.9593644782221,
      1105.4390467173334,
      1473.9187289564443,
      1842.3984111955554,
      2210.878093434667,
      2579.3577756737777,
      2947.8374579128886,
      3316.317140152
    ],
    "env_step": [
      0,
      5120000.0,
      10240000.0,
      15360000.0,
      20480000.0,
      25600000.0,
      30720000.0,
      35840000.0,
      40960000.0,
      46080000.0
    ],
    "return": [
      0.0,
      9.457830508550009,
      15.376138687133789,
      18.36476771036784,
      23.326606432596844,
      26.596385320027668,
      28.654596010843914,
      29.314904530843098,
      30.264007886250813,
      30.40758482615153
    ],
    "return_min": [
      0.0,
      6.853786206432801,
      13.629757692263793,
      15.874774229828427,
      21.370459278573758,
      25.307348278642664,
      26.545756306321362,
      26.61948520643785,
      27.26373076116701,
      27.204618859278554
    ],
    "return_max": [
      0.0,
      12.061874810667216,
      17.122519682003784,
      20.854761190907254,
      25.28275358661993,
      27.885422361412672,
      30.763435715366466,
      32.010323855248345,
      33.264285011334614,
      33.61055079302451
    ]
  }
}